function_id;module;function_name;source_info;inc_time_p;inc_time_s;inc_time_s_min;inc_time_s_avg;inc_time_s_max;inc_cov_deviation;inc_time_deviation;exc_time_p;exc_time_s;exc_time_s_min;exc_time_s_avg;exc_time_s_max;exc_cov_deviation;exc_time_deviation;nb_threads;cats;label_name;flops;
33;graph500_reference_bfs_sssp;edgepreddisthndl;validate.c:125-147;26.549640655518;41.674995422363;41.674995422363;41.674995422363;41.674995422363;0;0;26.549640655518;41.674995422363;41.674995422363;41.674995422363;41.674995422363;0;0;1;"100,0,0,0,0,0,0,0,0,0";edgepreddisthndl;;
17;graph500_reference_bfs_sssp;run_sssp;sssp_reference.c:66-96,sssp_reference.c:102-140,sssp_reference.c:150-150;15.936152458191;25.014993667603;25.014995574951;25.014995574951;25.014995574951;0;0;0;0;0;0;0;0;0;1;"100,0,0,0,0,0,0,0,0,0";run_sssp;;
15;graph500_reference_bfs_sssp;relaxhndl;sssp_reference.c:46-62;15.082486152649;23.674991607666;23.674991607666;23.674991607666;23.674991607666;0;0;15.082486152649;23.674991607666;23.674991607666;23.674991607666;23.674991607666;0;0;1;"100,0,0,0,0,0,0,0,0,0";relaxhndl;;
11;graph500_reference_bfs_sssp;get_edge_count_for_teps;bfs_reference.c:129-142;9.5687007904053;15.019998550415;15.019999504089;15.019999504089;15.019999504089;0;0;5.7130586128551e-07;8.9677934056454e-07;8.9677934056454e-07;8.9677934056454e-07;8.9677934056454e-07;0;0;1;"100,0,0,0,0,0,0,0,0,0";get_edge_count_for_teps;;
44;graph500_reference_bfs_sssp;aml_send;aml.c:181-187,aml.c:195-207,aml.c:237-248,aml.c:254-265,aml.c:271-308;8.9220809936523;14.004998207092;14.004997253418;14.004997253418;14.004997253418;0;0;8.9220809936523;14.004998207092;14.004997253418;14.004997253418;14.004997253418;0;0;1;"100,0,0,0,0,0,0,0,0,0";aml_send;;
32;graph500_reference_bfs_sssp;frompredhndl;validate.c:59-63;6.208188533783;9.7449989318848;9.7449989318848;9.7449989318848;9.7449989318848;0;0;6.208188533783;9.7449989318848;9.7449989318848;9.7449989318848;9.7449989318848;0;0;1;"100,0,0,0,0,0,0,0,0,0";frompredhndl;;
41;graph500_reference_bfs_sssp;validate_result;validate.c:114-119,validate.c:179-191,validate.c:246-298;4.8894658088684;7.6749992370605;7.6749987602234;7.6749987602234;7.6749987602234;0;0;0;0;0;0;0;0;0;1;"100,0,0,0,0,0,0,0,0,0";validate_result;;
10;graph500_reference_bfs_sssp;run_bfs;bfs_reference.c:62-63,bfs_reference.c:80-100,bfs_reference.c:106-117,bfs_reference.c:124-126;3.507036447525;5.5049982070923;5.5049986839294;5.5049986839294;5.5049986839294;0;0;0;0;0;0;0;0;0;1;"100,0,0,0,0,0,0,0,0,0";run_bfs;;
8;graph500_reference_bfs_sssp;visithndl;bfs_reference.c:54-59;2.8667876720428;4.4999990463257;4.4999990463257;4.4999990463257;4.4999990463257;0;0;2.8667876720428;4.4999990463257;4.4999990463257;4.4999990463257;4.4999990463257;0;0;1;"100,0,0,0,0,0,0,0,0,0";visithndl;;
59;graph500_reference_bfs_sssp;mrg_get_uint_orig;mod_arith_64bit.h:27-36,splittable_mrg.c:172-177,splittable_mrg.c:267-270;1.8124470710754;2.8449997901917;2.8449997901917;2.8449997901917;2.8449997901917;0;0;1.8124470710754;2.8449997901917;2.8449997901917;2.8449997901917;2.8449997901917;0;0;1;"100,0,0,0,0,0,0,0,0,0";mrg_get_uint_orig;;
40;graph500_reference_bfs_sssp;makedepthmapforbfs;validate.c:66-68,validate.c:149-177;1.5831037759781;2.4849996566772;2.4849994182587;2.4849994182587;2.4849994182587;0;0;0;0;0;0;0;0;0;1;"100,0,0,0,0,0,0,0,0,0";makedepthmapforbfs;;
51;graph500_reference_bfs_sssp;generate_kronecker_range;graph_generator.c:50-51,graph_generator.c:62-68,graph_generator.c:92-92,graph_generator.c:98-100,graph_generator.c:132-138,graph_generator.c:145-153,graph_generator.c:159-162,graph_generator.c:181-197,graph_generator.c:207-215,graph_generator.h:44-46;1.1594566106796;1.8200001716614;1.8200000524521;1.8200000524521;1.8200000524521;0;0;2.8565293064275e-07;4.4838967028227e-07;4.4838967028227e-07;4.4838967028227e-07;4.4838967028227e-07;0;0;1;"100,0,0,0,0,0,0,0,0,0";generate_kronecker_range;;
57;graph500_reference_bfs_sssp;mrg_apply_transition;mod_arith_64bit.h:27-29,mod_arith_64bit.h:36-36,mod_arith_64bit.h:43-45,mod_arith_64bit.h:52-69,splittable_mrg.c:116-116,splittable_mrg.c:148-153,splittable_mrg.c:159-159;0.78040331602097;1.2249997854233;1.2249997854233;1.2249997854233;1.2249997854233;0;0;0.78040331602097;1.2249997854233;1.2249997854233;1.2249997854233;1.2249997854233;0;0;1;"100,0,0,0,0,0,0,0,0,0";mrg_apply_transition;;
49;graph500_reference_bfs_sssp;aml_my_pe;aml.c:488-488;0.45550072193146;0.71499991416931;0.71499991416931;0.71499991416931;0.71499991416931;0;0;0.45550072193146;0.71499991416931;0.71499991416931;0.71499991416931;0.71499991416931;0;0;1;"100,0,0,0,0,0,0,0,0,0";aml_my_pe;;
20;graph500_reference_bfs_sssp;fulledgehndl;csr_reference.c:42-48;0.22615769505501;0.35499992966652;0.35499992966652;0.35499992966652;0.35499992966652;0;0;0.22615769505501;0.35499992966652;0.35499992966652;0.35499992966652;0.35499992966652;0;0;1;"100,0,0,0,0,0,0,0,0,0";fulledgehndl;;
24;graph500_reference_bfs_sssp;convert_graph_to_oned_csr;graph_generator.h:36-40,csr_reference.c:51-63,csr_reference.c:75-105,csr_reference.c:134-170,csr_reference.c:176-180,common.h:250-250;0.21978704631329;0.34499993920326;0.34499993920326;0.34499993920326;0.34499993920326;0;0;8.9266540825861e-09;1.4012177196321e-08;1.4012177196321e-08;1.4012177196321e-08;1.4012177196321e-08;0;0;1;"100,0,0,0,0,0,0,0,0,0";convert_graph_to_oned_csr;;
19;graph500_reference_bfs_sssp;halfedgehndl;csr_reference.c:38-38;0.070077039301395;0.10999999940395;0.10999999195337;0.10999999195337;0.10999999195337;0;0;0.070077039301395;0.10999999940395;0.10999999195337;0.10999999195337;0.10999999195337;0;0;1;"100,0,0,0,0,0,0,0,0,0";halfedgehndl;;
61;graph500_reference_bfs_sssp;mrg_get_float_orig;mod_arith_64bit.h:27-36,splittable_mrg.c:172-177,splittable_mrg.c:279-281;0.066891714930534;0.10499998927116;0.10499998182058;0.10499998182058;0.10499998182058;0;0;0.066891714930534;0.10499998927116;0.10499998182058;0.10499998182058;0.10499998182058;0;0;1;"100,0,0,0,0,0,0,0,0,0";mrg_get_float_orig;;
58;graph500_reference_bfs_sssp;mrg_skip;splittable_mrg.c:165-165,splittable_mrg.c:186-201;0.031853195279837;0.049999993294477;0.049999985843897;0.049999985843897;0.049999985843897;0;0;0.0095559572800994;0.014999995008111;0.014999995939434;0.014999995939434;0.014999995939434;0;0;1;"100,0,0,0,0,0,0,0,0,0";mrg_skip;;
12;graph500_reference_bfs_sssp;clean_pred;bfs_reference.c:146-147;0.022297237068415;0.034999992698431;0.034999992698431;0.034999992698431;0.034999992698431;0;0;0;0;0;0;0;0;0;1;"100,0,0,0,0,0,0,0,0,0";clean_pred;;
3697;libc.so.6;__memset_avx512_unaligned_erms;;0.012741278856993;0.01999999769032;0.019999995827675;0.019999995827675;0.019999995827675;0;0;0.012741278856993;0.01999999769032;0.019999995827675;0.019999995827675;0.019999995827675;0;0;1;"0,0,0,0,0,0,0,0,100,0";__memset_avx512_unaligned_erms;;
5223;libmpi.so.12.5.0;MPIR_T_CVAR_REGISTER_impl;;0.0031853197142482;0.00499999942258;0.0049999989569187;0.0049999989569187;0.0049999989569187;0;0;0.0031853197142482;0.00499999942258;0.0049999989569187;0.0049999989569187;0.0049999989569187;0;0;1;"0,100,0,0,0,0,0,0,0,0";MPIR_T_CVAR_REGISTER_impl;;
4066;libmpi.so.12.5.0;MPIR_Request_completion_processing;;0.0031853197142482;0.00499999942258;0.0049999989569187;0.0049999989569187;0.0049999989569187;0;0;0.0031853197142482;0.00499999942258;0.0049999989569187;0.0049999989569187;0.0049999989569187;0;0;1;"0,100,0,0,0,0,0,0,0,0";MPIR_Request_completion_processing;;
4029;libmpi.so.12.5.0;MPIR_Test;;0.0031853197142482;0.00499999942258;0.0049999989569187;0.0049999989569187;0.0049999989569187;0;0;0.0031853197142482;0.00499999942258;0.0049999989569187;0.0049999989569187;0.0049999989569187;0;0;1;"0,100,0,0,0,0,0,0,0,0";MPIR_Test;;
3633;libc.so.6;__strlen_evex;;0.0031853197142482;0.00499999942258;0.0049999989569187;0.0049999989569187;0.0049999989569187;0;0;0.0031853197142482;0.00499999942258;0.0049999989569187;0.0049999989569187;0.0049999989569187;0;0;1;"0,100,0,0,0,0,0,0,0,0";__strlen_evex;;
3629;libc.so.6;__strchr_evex;;0.0031853197142482;0.00499999942258;0.0049999989569187;0.0049999989569187;0.0049999989569187;0;0;0.0031853197142482;0.00499999942258;0.0049999989569187;0.0049999989569187;0.0049999989569187;0;0;1;"0,100,0,0,0,0,0,0,0,0";__strchr_evex;;
1704;libc.so.6;__GI___clock_gettime;;0.0031853197142482;0.00499999942258;0.0049999989569187;0.0049999989569187;0.0049999989569187;0;0;0.0031853197142482;0.00499999942258;0.0049999989569187;0.0049999989569187;0.0049999989569187;0;0;1;"0,100,0,0,0,0,0,0,0,0";__GI___clock_gettime;;
1625;libfabric.so.1.30.0;sock_cq_progress.part.0;;0.0031853197142482;0.00499999942258;0.0049999989569187;0.0049999989569187;0.0049999989569187;0;0;0.0031853197142482;0.00499999942258;0.0049999989569187;0.0049999989569187;0.0049999989569187;0;0;1;"0,100,0,0,0,0,0,0,0,0";sock_cq_progress.part.0;;
1241;libmpi.so.12.5.0;MPI_Allreduce;;0.0031853197142482;0.00499999942258;0.0049999989569187;0.0049999989569187;0.0049999989569187;0;0;0.0031853197142482;0.00499999942258;0.0049999989569187;0.0049999989569187;0.0049999989569187;0;0;1;"0,100,0,0,0,0,0,0,0,0";MPI_Allreduce;;
18;graph500_reference_bfs_sssp;clean_shortest;sssp_reference.c:154-155;0.0031853197142482;0.00499999942258;0.0049999989569187;0.0049999989569187;0.0049999989569187;0;0;0;0;0;0;0;0;0;1;"100,0,0,0,0,0,0,0,0,0";clean_shortest;;
